{"loss": [0.7874318361282349, 0.7596980333328247, 0.7358025908470154, 0.7113141417503357, 0.6942534446716309, 0.6746565103530884, 0.6577552556991577, 0.6418458223342896, 0.6227326989173889, 0.608995258808136, 0.5922558903694153, 0.5747755765914917, 0.5534645318984985, 0.5309187173843384, 0.5079310536384583, 0.48010486364364624, 0.45031657814979553, 0.42078328132629395, 0.3903648853302002, 0.3578246235847473, 0.3263932764530182, 0.29877302050590515, 0.2674950659275055, 0.24285750091075897, 0.21789811551570892, 0.19854767620563507, 0.1790010780096054, 0.16262337565422058, 0.14871346950531006, 0.13577938079833984, 0.12428238242864609, 0.11655513942241669, 0.10723425447940826, 0.09967479854822159, 0.0940246507525444, 0.08707260340452194, 0.08402148634195328, 0.07943541556596756, 0.07507816702127457, 0.0723707526922226, 0.06674391031265259, 0.06295538693666458, 0.06188701465725899, 0.05826713889837265, 0.05769423767924309, 0.05498964712023735, 0.052241742610931396, 0.04882638901472092, 0.04824766889214516, 0.04596184566617012, 0.044318120926618576, 0.042597316205501556, 0.04027663916349411, 0.04002804309129715, 0.038174115121364594, 0.03687608242034912, 0.03650872781872749, 0.034568000584840775, 0.033661119639873505, 0.0315992571413517, 0.029966725036501884, 0.03011193498969078, 0.02937941811978817, 0.02777634933590889, 0.027535226196050644, 0.02770492061972618, 0.025369051843881607, 0.02469511888921261, 0.024098049849271774, 0.023652831092476845, 0.023075109347701073, 0.022185292094945908, 0.021728308871388435, 0.021175185218453407, 0.02095509134232998, 0.02037808485329151, 0.01965886726975441, 0.019207317382097244, 0.019415901973843575, 0.01801891438663006], "val_loss": [0.688863217830658, 0.6863164305686951, 0.6832072138786316, 0.6794054508209229, 0.6749245524406433, 0.6696277260780334, 0.6632124185562134, 0.6552096009254456, 0.6456350088119507, 0.6343538761138916, 0.621333658695221, 0.6057574152946472, 0.5881405472755432, 0.567868173122406, 0.5459291934967041, 0.5227148532867432, 0.4951770007610321, 0.4645044505596161, 0.4335379898548126, 0.40361443161964417, 0.37393224239349365, 0.3477526307106018, 0.32082387804985046, 0.29548752307891846, 0.27095872163772583, 0.25281620025634766, 0.2349877804517746, 0.21835756301879883, 0.20573538541793823, 0.19784687459468842, 0.18762952089309692, 0.17695288360118866, 0.1691097915172577, 0.16256795823574066, 0.15717999637126923, 0.15304134786128998, 0.1489076465368271, 0.1442384272813797, 0.13982214033603668, 0.1363789439201355, 0.13357897102832794, 0.13086789846420288, 0.12824253737926483, 0.125931978225708, 0.12371978163719177, 0.12218949943780899, 0.12018276005983353, 0.11836163699626923, 0.11678795516490936, 0.11497052013874054, 0.11305570602416992, 0.11149238795042038, 0.11047451198101044, 0.10943806916475296, 0.10823331028223038, 0.10678636282682419, 0.1048104539513588, 0.10293573886156082, 0.10142508149147034, 0.10030817240476608, 0.09910190105438232, 0.09802079200744629, 0.09680041670799255, 0.09596604853868484, 0.09524986147880554, 0.09463781863451004, 0.09369728714227676, 0.09240630269050598, 0.09148668497800827, 0.09020237624645233, 0.08873116225004196, 0.0876951515674591, 0.087087482213974, 0.08652473986148834, 0.08609442412853241, 0.08580370992422104, 0.08573009073734283, 0.08542913943529129, 0.08482030034065247, 0.0841975137591362], "mse": [0.2867421507835388, 0.2760365903377533, 0.26660531759262085, 0.2564994990825653, 0.24940446019172668, 0.24092186987400055, 0.23353798687458038, 0.22642219066619873, 0.21793265640735626, 0.21184520423412323, 0.20403946936130524, 0.19596128165721893, 0.18583747744560242, 0.17565973103046417, 0.16490904986858368, 0.15222056210041046, 0.13850383460521698, 0.12536963820457458, 0.11197410523891449, 0.09825881570577621, 0.08516285568475723, 0.07480836659669876, 0.06308232247829437, 0.054717548191547394, 0.0466417595744133, 0.04094571992754936, 0.03549373894929886, 0.031203141435980797, 0.027930213138461113, 0.024844225496053696, 0.022136257961392403, 0.020964572206139565, 0.018988877534866333, 0.017415029928088188, 0.01643584482371807, 0.014884456992149353, 0.014819907955825329, 0.01391531340777874, 0.013048001565039158, 0.01281752623617649, 0.011302657425403595, 0.010353988967835903, 0.010466006584465504, 0.009603077545762062, 0.009801642037928104, 0.009291012771427631, 0.008587246760725975, 0.007660556118935347, 0.007734761107712984, 0.007202980108559132, 0.006839226931333542, 0.006566110532730818, 0.005859942175447941, 0.006039799191057682, 0.005724031012505293, 0.005375973414629698, 0.005496160127222538, 0.004936418030411005, 0.0047928947024047375, 0.004216172732412815, 0.0037513060960918665, 0.0041023967787623405, 0.003960844129323959, 0.0035458437632769346, 0.003593410598114133, 0.0037903771735727787, 0.003075207816436887, 0.0030209976248443127, 0.0029576290398836136, 0.0028492752462625504, 0.0028170098084956408, 0.002496651140972972, 0.0024706777185201645, 0.0024773371405899525, 0.002512882696464658, 0.002344014123082161, 0.002234887098893523, 0.0021764258854091167, 0.0023238309659063816, 0.0019405478378757834], "val_mse": [0.24785985052585602, 0.2465870976448059, 0.24503369629383087, 0.24313496053218842, 0.24089807271957397, 0.2382555902004242, 0.23505832254886627, 0.23107527196407318, 0.22631777822971344, 0.22072356939315796, 0.21428212523460388, 0.2066030502319336, 0.19795721769332886, 0.18807293474674225, 0.17747639119625092, 0.16640211641788483, 0.15348991751670837, 0.13946622610092163, 0.12576831877231598, 0.11306025832891464, 0.10105740278959274, 0.09097984433174133, 0.08124614506959915, 0.07271850854158401, 0.06508281826972961, 0.05977111682295799, 0.054968204349279404, 0.050953593105077744, 0.048098061233758926, 0.04622893035411835, 0.04408391937613487, 0.041987400501966476, 0.04044976085424423, 0.03924394026398659, 0.03835410252213478, 0.03754250332713127, 0.03658311441540718, 0.03561617061495781, 0.03492562472820282, 0.03437802195549011, 0.03372659906744957, 0.03307664021849632, 0.03258650377392769, 0.032319165766239166, 0.03202849254012108, 0.03180960938334465, 0.03136229142546654, 0.031007371842861176, 0.030677109956741333, 0.03014812059700489, 0.029697440564632416, 0.02945711649954319, 0.029233455657958984, 0.029077846556901932, 0.028815286234021187, 0.028426794335246086, 0.0279447752982378, 0.02745107375085354, 0.027023551985621452, 0.026708193123340607, 0.026435671374201775, 0.0261786337941885, 0.02588021755218506, 0.025671832263469696, 0.025438280776143074, 0.02522808313369751, 0.024896500632166862, 0.024478303268551826, 0.024220911785960197, 0.0238726157695055, 0.02346937544643879, 0.023213040083646774, 0.023070352151989937, 0.022877799347043037, 0.022712739184498787, 0.022648083046078682, 0.02270783670246601, 0.022726450115442276, 0.022599609568715096, 0.022430460900068283], "epochs": 80}