{"loss": [0.8122444152832031, 0.7924264073371887, 0.7739208936691284, 0.7618669867515564, 0.7480970025062561, 0.734233558177948, 0.7160614728927612, 0.7100049257278442, 0.700960636138916, 0.6819919347763062, 0.6719859838485718, 0.6602845788002014, 0.6478463411331177, 0.6364922523498535, 0.6161769032478333, 0.5978972315788269, 0.5836436152458191, 0.5648686289787292, 0.5445728898048401, 0.5216907262802124, 0.5114425420761108, 0.48648467659950256, 0.45135730504989624, 0.43075495958328247, 0.40537339448928833, 0.3921346366405487, 0.3531022369861603, 0.336336612701416, 0.3225703239440918, 0.3073282539844513, 0.27915507555007935, 0.2645582854747772, 0.24629977345466614, 0.2342606484889984, 0.216478630900383, 0.20850510895252228, 0.19921493530273438, 0.18969610333442688, 0.17928993701934814, 0.17257198691368103, 0.16343162953853607, 0.1552003175020218, 0.15028515458106995, 0.1455850899219513, 0.14392662048339844, 0.13521888852119446, 0.13006433844566345, 0.13247115910053253, 0.12696439027786255, 0.12621566653251648, 0.1167728453874588, 0.11595189571380615, 0.1116299107670784, 0.1107088178396225, 0.10756998509168625, 0.10440032929182053, 0.10781349241733551, 0.10438638180494308, 0.0962442010641098, 0.0975235253572464, 0.09454656392335892, 0.09010905772447586, 0.09283851832151413, 0.09021984785795212, 0.08640825748443604, 0.08811687678098679, 0.08535190671682358, 0.08467303216457367, 0.08305621892213821], "val_loss": [0.6911943554878235, 0.6889200210571289, 0.6864919066429138, 0.6840741634368896, 0.6814869046211243, 0.6788086295127869, 0.675674557685852, 0.6714195609092712, 0.6670612096786499, 0.6613998413085938, 0.6536171436309814, 0.645273745059967, 0.6365771889686584, 0.6274822950363159, 0.6183822154998779, 0.6072429418563843, 0.5945149660110474, 0.5796990990638733, 0.5629242658615112, 0.5466507077217102, 0.5304108262062073, 0.5125995874404907, 0.49415352940559387, 0.4738782048225403, 0.45327043533325195, 0.43208760023117065, 0.41263267397880554, 0.38969919085502625, 0.3652035593986511, 0.34397611021995544, 0.32417652010917664, 0.3071211278438568, 0.29421699047088623, 0.2854180634021759, 0.27757805585861206, 0.2709958851337433, 0.26350322365760803, 0.25678151845932007, 0.2514578104019165, 0.2468557506799698, 0.2431042194366455, 0.24018432199954987, 0.23819193243980408, 0.2358892560005188, 0.23281097412109375, 0.2308550477027893, 0.22941814363002777, 0.2280200868844986, 0.22704802453517914, 0.2267848402261734, 0.22696150839328766, 0.22692494094371796, 0.2265932410955429, 0.2260311245918274, 0.22538994252681732, 0.22471140325069427, 0.224130779504776, 0.2239334136247635, 0.2236795425415039, 0.22368814051151276, 0.22370515763759613, 0.22374378144741058, 0.22402308881282806, 0.22424407303333282, 0.22460497915744781, 0.22490717470645905, 0.22525225579738617, 0.22570882737636566, 0.22615399956703186], "mse": [0.29422464966773987, 0.2872914969921112, 0.2801995277404785, 0.2757851779460907, 0.27049773931503296, 0.26508352160453796, 0.25750455260276794, 0.25497639179229736, 0.25118258595466614, 0.2431751936674118, 0.2389902025461197, 0.23366805911064148, 0.2281641662120819, 0.22306837141513824, 0.2138778418302536, 0.20552131533622742, 0.19911058247089386, 0.19069966673851013, 0.18154557049274445, 0.17111186683177948, 0.16650764644145966, 0.15544794499874115, 0.1401510089635849, 0.13133902847766876, 0.12076014280319214, 0.1151803731918335, 0.09904520958662033, 0.093198761343956, 0.08728935569524765, 0.08265786617994308, 0.07247265428304672, 0.06774479895830154, 0.061729151755571365, 0.05777933448553085, 0.05243111401796341, 0.05023328214883804, 0.047992441803216934, 0.045900095254182816, 0.043479494750499725, 0.04151848703622818, 0.03928321227431297, 0.037520360201597214, 0.03624418005347252, 0.03540177270770073, 0.03505739942193031, 0.033006493002176285, 0.03156882897019386, 0.0326504148542881, 0.031123729422688484, 0.030921081081032753, 0.028830379247665405, 0.02834389917552471, 0.027361158281564713, 0.027127699926495552, 0.026370303705334663, 0.02586226537823677, 0.026877162978053093, 0.025681208819150925, 0.02311195619404316, 0.023700226098299026, 0.023105856031179428, 0.02199479378759861, 0.022855887189507484, 0.022367434576153755, 0.021034525707364082, 0.02137543261051178, 0.020873770117759705, 0.020165549591183662, 0.02022257074713707], "val_mse": [0.2490241676568985, 0.24788765609264374, 0.24667467176914215, 0.2454674243927002, 0.24417638778686523, 0.24284100532531738, 0.24127961695194244, 0.2391609251499176, 0.23699325323104858, 0.23417958617210388, 0.23031558096408844, 0.22618035972118378, 0.2218782752752304, 0.2173883020877838, 0.21290560066699982, 0.20743437111377716, 0.20120884478092194, 0.19400425255298615, 0.18591146171092987, 0.17813335359096527, 0.17046235501766205, 0.16216087341308594, 0.1537044495344162, 0.14459849894046783, 0.1355791836977005, 0.12661272287368774, 0.1186973825097084, 0.10976267606019974, 0.1007561981678009, 0.0935048758983612, 0.08724580705165863, 0.08232943713665009, 0.0789293721318245, 0.07678990066051483, 0.07501734048128128, 0.07364030182361603, 0.0721367672085762, 0.07090144604444504, 0.07002389430999756, 0.06934153288602829, 0.06883115321397781, 0.06847827881574631, 0.06827650964260101, 0.06805013865232468, 0.0677998960018158, 0.06774108856916428, 0.06770959496498108, 0.0676799863576889, 0.06769447028636932, 0.06775354593992233, 0.0678507462143898, 0.06794209033250809, 0.06801706552505493, 0.0680740624666214, 0.06812844425439835, 0.06817319244146347, 0.06825700402259827, 0.06840982288122177, 0.0685841515660286, 0.0687679573893547, 0.06896736472845078, 0.06911992281675339, 0.06931943446397781, 0.06948348879814148, 0.06963494420051575, 0.06975816190242767, 0.06987622380256653, 0.07001794874668121, 0.07018306851387024], "epochs": 69}